CIDADE,expectativa_total,total_liderancas,peso_medio_liderancas,forca_media_local,score_medio,score_maximo,score_municipal_v6
Tuntum,10000.0,1,100.0,100.0,100.0,100.0,100.0
Mirador,500.0,1,100.0,100.0,85.0,85.0,94.0
Trizidela do Vale,300.0,1,100.0,100.0,85.0,85.0,94.0
Capinzal,,1,100.0,100.0,85.0,85.0,94.0
Santa Helena,350.0,1,100.0,100.0,85.0,85.0,94.0
Santa Filomena do MA,1000.0,1,100.0,100.0,85.0,85.0,94.0
Penalva,500.0,1,100.0,100.0,85.0,85.0,94.0
Gov. Eugênio Barros,200.0,1,100.0,100.0,85.0,85.0,94.0
São Luís Gonzaga do MA,500.0,1,100.0,100.0,85.0,85.0,94.0
Gonçalves Dias,1200.0,1,100.0,100.0,85.0,85.0,94.0
Paraibano,500.0,1,100.0,100.0,85.0,85.0,94.0
Grajaú,1000.0,1,100.0,100.0,85.0,85.0,94.0
Esperantinópolis,800.0,1,100.0,100.0,85.0,85.0,94.0
Jatobá,1200.0,1,100.0,100.0,85.0,85.0,94.0
Jenipapo dos Vieiras,700.0,1,100.0,100.0,85.0,85.0,94.0
Apicum-Açu,900.0,1,100.0,100.0,85.0,85.0,94.0
Estreito,1500.0,1,100.0,100.0,85.0,85.0,94.0
Morros,600.0,1,100.0,80.0,78.0,78.0,85.2
Serrano do Maranhão,200.0,1,100.0,80.0,78.0,78.0,85.2
Icatu,800.0,1,70.0,100.0,74.5,74.5,80.8
São Domingos do MA,2000.0,1,70.0,100.0,74.5,74.5,80.8
São José de Ribamar,700.0,1,70.0,100.0,74.5,74.5,80.8
São João dos Patos,1500.0,1,70.0,100.0,74.5,74.5,80.8
Imperatriz,500.0,1,70.0,100.0,74.5,74.5,80.8
Bacabal,,1,70.0,100.0,74.5,74.5,80.8
Presidente Dutra,1500.0,1,70.0,80.0,76.5,76.5,75.6
Pirapemas,500.0,1,70.0,80.0,67.5,67.5,72.0
Amarante do MA,1500.0,1,70.0,80.0,67.5,67.5,72.0
Coroatá,200.0,1,70.0,80.0,67.5,67.5,72.0
Timon,1500.0,1,70.0,80.0,67.5,67.5,72.0
Tufilândia,400.0,1,70.0,80.0,67.5,67.5,72.0
Turiaçu,500.0,1,70.0,80.0,67.5,67.5,72.0
Anajatuba,500.0,1,70.0,80.0,67.5,67.5,72.0
Mata Roma,450.0,1,70.0,80.0,67.5,67.5,72.0
Governador Archer,1000.0,1,100.0,35.0,62.25,62.25,65.4
Bacabeira,300.0,1,100.0,35.0,62.25,62.25,65.4
Nina Rodrigues,100.0,1,100.0,35.0,62.25,62.25,65.4
Dom Pedro,2000.0,2,52.5,57.5,62.5,76.5,63.6
Peri Mirim,200.0,1,70.0,60.0,60.5,60.5,63.2
Presidente Sarney,100.0,1,70.0,60.0,60.5,60.5,63.2
Maracaçumé,300.0,1,70.0,60.0,60.5,60.5,63.2
Paço do Lumiar,100.0,1,70.0,60.0,60.5,60.5,63.2
Senador Alexandre Costa,300.0,1,70.0,60.0,60.5,60.5,63.2
São João do Soter,200.0,1,70.0,60.0,60.5,60.5,63.2
Vargem Grande,300.0,1,70.0,60.0,60.5,60.5,63.2
Amapá do Maranhão,300.0,1,70.0,60.0,60.5,60.5,63.2
Carutapera,200.0,1,70.0,60.0,60.5,60.5,63.2
Coelho Neto,150.0,1,70.0,60.0,60.5,60.5,63.2
Bacuri,500.0,1,70.0,60.0,60.5,60.5,63.2
Itapecuru mirim,250.0,1,70.0,60.0,60.5,60.5,63.2
Pedreiras,300.0,1,65.0,60.0,58.75,58.75,61.0
Viana,200.0,1,65.0,60.0,58.75,58.75,61.0
Arari,100.0,1,65.0,60.0,58.75,58.75,61.0
Olho D´agua das Cunhas,150.0,1,65.0,60.0,58.75,58.75,61.0
Lago da Pedra,1500.0,2,52.5,57.5,53.5,67.5,60.0
Buriticupu,500.0,1,35.0,80.0,55.25,55.25,56.6
Fortaleza dos Nogueiras,300.0,1,35.0,80.0,55.25,55.25,56.6
Pindaré-Mirim,500.0,1,35.0,80.0,55.25,55.25,56.6
Fortuna,100.0,1,70.0,35.0,51.75,51.75,52.2
Buritirana,250.0,1,70.0,35.0,51.75,51.75,52.2
Bom Jardim,1000.0,1,70.0,35.0,51.75,51.75,52.2
Boa Vista do Gurupi,100.0,1,70.0,35.0,51.75,51.75,52.2
Luís Domingues,100.0,1,70.0,35.0,51.75,51.75,52.2
Governador Luiz Rocha,200.0,1,70.0,35.0,51.75,51.75,52.2
Paulo Ramos,800.0,1,70.0,35.0,51.75,51.75,52.2
Palmeirândia,100.0,1,65.0,35.0,50.0,50.0,50.0
Monção,,1,65.0,35.0,50.0,50.0,50.0
Arame,1000.0,1,65.0,35.0,50.0,50.0,50.0
Barra do Corda,1500.0,1,35.0,35.0,48.5,48.5,40.400000000000006
São Vicente Ferrer,600.0,1,35.0,35.0,39.5,39.5,36.8
Chapadinha,500.0,1,35.0,35.0,39.5,39.5,36.8
São Luís,,0,35.0,35.0,39.5,39.5,36.8
Bom Jesus das Selvas,600.0,1,35.0,35.0,39.5,39.5,36.8
São João Batista,200.0,1,35.0,35.0,39.5,39.5,36.8
Açailândia,500.0,1,35.0,35.0,39.5,39.5,36.8
São Bernardo,100.0,1,35.0,35.0,39.5,39.5,36.8
São Benedito,100.0,1,35.0,35.0,39.5,39.5,36.8
Anapurus,400.0,1,35.0,35.0,39.5,39.5,36.8
Senador La Rocque,500.0,1,35.0,35.0,39.5,39.5,36.8
S. Raimundo das Mangabeiras,1250.0,1,35.0,35.0,39.5,39.5,36.8
Santo Antônio dos Lopes,250.0,1,35.0,35.0,39.5,39.5,36.8
Santa Rita,,0,35.0,35.0,39.5,39.5,36.8
Milagres do Maranhão,700.0,1,35.0,35.0,39.5,39.5,36.8
Lago Verde,600.0,1,35.0,35.0,39.5,39.5,36.8
Miranda do Norte,150.0,1,35.0,35.0,39.5,39.5,36.8
Montes Altos,100.0,1,35.0,35.0,39.5,39.5,36.8
João Lisboa,150.0,1,35.0,35.0,39.5,39.5,36.8
Joselândia,350.0,1,35.0,35.0,39.5,39.5,36.8
Pastos Bons,250.0,1,35.0,35.0,39.5,39.5,36.8
Gov. Nunes Freire,100.0,1,35.0,35.0,39.5,39.5,36.8
Pinheiro,100.0,1,35.0,35.0,39.5,39.5,36.8
Pres. Juscelino ,100.0,1,35.0,35.0,39.5,39.5,36.8
Fernando Falcão,1000.0,1,35.0,35.0,39.5,39.5,36.8
Ribamar Fiquene,150.0,1,35.0,35.0,39.5,39.5,36.8
Ribeirãozinho/ Edison Lobão,600.0,1,35.0,35.0,39.5,39.5,36.8
Lagoa do Mato,300.0,1,35.0,35.0,39.5,39.5,36.8
Santa Inês,200.0,1,35.0,35.0,39.5,39.5,36.8
Vitorino Freire,300.0,1,35.0,35.0,39.5,39.5,36.8
Cândido Mendes,100.0,1,35.0,30.0,37.75,37.75,34.6
Codó,200.0,1,35.0,30.0,37.75,37.75,34.6
